{
    "xs": [-20.672031271578277, 18.02859946065842, -40.71344801652245, -0.4619334901766741, 38.14662656512781, -18.028930707051426, 20.07073007928213, 1.1073837765372567, 1.7317724392837222], 
    "ys": [35.24639168513131, 36.478898394902544, 67.62232415529769, 69.06514190897418, 70.70927876654638, 103.4307705977882, 104.23528638196039, 138.1015069638619, -0.9719334381212232], 
    "batteries": [7, 7, 3, 3, 3, 2, 3, 2, 1]
}
