{
    "xs": [-29.43367308714127, 29.40961566440251, -52.24415910626266, 1.1964247770221481, 50.184197791491016, -73.72762105374628, -24.073286436320622, 25.3475968604998, 72.43429848839362, -96.0919199191687, -50.82042107515887, 1.4139479053430584, 45.13510700787463, 104.6752789970458, -77.68750400923302, -23.72150291731221, 28.52816736825128, 77.04649172360887, -49.30737393403751, -2.4085960183310497, 48.654669731992, -21.56943530745761, 21.831920032595608, 1.9179038751703226, 0],
    "ys": [43.29101710963659, 43.80480186453599, 84.7946183924325, 84.54998783011774, 88.25573022642467, 127.03024518411802, 129.62476827449416, 130.79264959788395, 125.09002032116933, 176.5854240784101, 170.18587752418776, 175.28201498060312, 171.09900945664532, 172.99214200009493, 215.87930731000313, 218.56197374233923, 214.14742475398359, 220.8732983919776, 255.93081123955812, 262.29818277508775, 258.3484023224256, 299.75137127625686, 306.04090348857983, 344.6338781461464, 0],
    "batteries": [7, 7, 7, 7, 7, 7, 7, 7, 7, 7, 7, 7, 7, 7, 7, 7, 7, 7, 7, 7, 7, 7, 7, 7, 1]
}
