{"xs": [-29.43367308714127, 29.40961566440251, -52.24415910626266, 1.1964247770221481, 50.184197791491016, -73.72762105374628, -24.073286436320622, 25.3475968604998, 72.43429848839362, -96.0919199191687, -50.82042107515887, 1.4139479053430584, 45.13510700787463, 104.6752789970458, -77.68750400923302, -23.72150291731221, 28.52816736825128, 77.04649172360887, -49.30737393403751, -2.4085960183310497, 48.654669731992, -21.56943530745761, 21.831920032595608, 1.9179038751703226, 0], "ys": [21.645508554818296, 21.902400932267994, 42.39730919621625, 42.27499391505887, 44.12786511321234, 63.51512259205901, 64.81238413724708, 65.39632479894198, 62.54501016058467, 88.29271203920506, 85.09293876209388, 87.64100749030156, 85.54950472832266, 86.49607100004746, 107.93965365500156, 109.28098687116962, 107.07371237699179, 110.4366491959888, 127.96540561977906, 131.14909138754388, 129.1742011612128, 149.87568563812843, 153.02045174428991, 172.3169390730732, 0.0], "batteries": [7, 7, 7, 7, 7, 7, 7, 7, 7, 7, 7, 7, 7, 7, 7, 7, 7, 7, 7, 7, 7, 7, 7, 7, 1]}