{"xs": [-25.46017080516598, 29.792670252813082, -47.83340152340308, -1.5966621572464923, 47.062396412757145, -23.174319408560578, 23.969053012088974, -49.86007617605508, -2.570998711329473, 51.579701179790455, -23.231909782494718, 24.01359738958837, 0], "ys": [16.098664704823328, 17.58321744103176, 36.26070916130711, 35.30830767363582, 34.5584818706872, 52.776650080448476, 52.65644490233251, 70.59673662491677, 68.78477143383792, 71.06405107604614, 88.55565914175578, 88.47324172542268, 0.0], "batteries": [7, 7, 7, 7, 7, 7, 7, 7, 7, 7, 7, 7, 1]}