{
    "xs": [-25.46017080516598, 29.792670252813082, -47.83340152340308, -1.5966621572464923, 47.062396412757145, -23.174319408560578, 23.969053012088974, -49.86007617605508, -2.570998711329473, 51.579701179790455, -23.231909782494718, 24.01359738958837, 0],
    "ys": [40.24666176205832, 43.9580436025794, 90.65177290326778, 88.27076918408954, 86.396204676718, 131.94162520112118, 131.64111225583127, 176.4918415622919, 171.9619285845948, 177.66012769011533, 221.38914785438945, 221.1831043135567, 0],
    "batteries": [7, 7, 7, 7, 7, 7, 7, 7, 7, 7, 7, 7, 1]
}
