{
	"xs" : [1.854313, -15.113356, -48.55849, 48.439393, -39.513737, -28.223206],
	"ys" : [12.965586,  55.084796,  21.594995,   6.890869,  79.689333, -14.170425],
	"batteries" : [6, 6, 6, 6, 6, 6]
}
