{
    "xs": [-26.318284061891717, 23.356021227575265, -49.634202700161936, -1.230231378482291, 53.61560664701116, -75.64510614397892, -26.00407630023349, 27.208242905055574, 79.04485930811362, -53.05922866149744, 1.3214428424144147, 50.05998463893376, -27.030688995191454, 25.422944781093506, 1.9001751449172708, 0],
    "ys": [15.400167409670813, 14.291164275239677, 31.55120960125181, 28.868008296837413, 32.07310598485399, 47.13075494765364, 45.77110203397154, 44.07825338032402, 44.781428828626474, 59.72201116543713, 60.983310781683635, 60.18054027371639, 74.6430929681375, 75.69711109513766, 91.73979655384447, 0],
    "batteries": [7, 7, 7, 7, 7, 7, 7, 7, 7, 7, 7, 7, 7, 7, 7, 1]
}
